;;;;;;Volume Total Diário - VTD;;;;;;;
UF;BR;Km;Ano;Latitude;Longitude
AL;104;89,3;2023;-9,490936;-35,814958
;;;;;;Classes PNCT;;;;;;;
Dia;Sentido;VTD;(A) Ônibus/Caminhão de 2 eixos;(B) Ônibus/Caminhão de 3 eixos;(C) Caminhão de 4 eixos;(D) Caminhão de 5 eixos;(E) Caminhão de 6 eixos;(F) Caminhão de 7 eixos;(G) Caminhão de 8 eixos;(H) Caminhão de 9 eixos;(I) Passeio;(J) Motocicleta;(L) Indefinido
;C;14362;1468;338;127;93;124;18;0;26;9201;2815;152
;D;14291;1563;349;164;104;103;25;3;27;9216;2567;170
03/01/2023;Total;28653;3031;687;291;197;227;43;3;53;18417;5382;322
;C;14144;1470;356;130;115;126;26;1;21;8798;2899;202
;D;14198;1559;340;165;116;113;32;1;18;9009;2659;186
04/01/2023;Total;28342;3029;696;295;231;239;58;2;39;17807;5558;388
;C;15001;1444;316;132;110;126;23;2;26;9622;3021;179
;D;15246;1553;352;161;124;119;28;1;25;9788;2916;179
05/01/2023;Total;30247;2997;668;293;234;245;51;3;51;19410;5937;358
;C;13381;1299;301;127;93;95;34;2;27;8472;2774;157
;D;13645;1375;310;147;89;76;24;1;14;8904;2531;174
06/01/2023;Total;27026;2674;611;274;182;171;58;3;41;17376;5305;331
;C;13934;1103;218;81;86;101;13;8;18;9425;2696;185
;D;14788;1180;200;104;68;50;21;7;20;10168;2779;191
07/01/2023;Total;28722;2283;418;185;154;151;34;15;38;19593;5475;376
;C;12625;618;98;40;32;48;13;13;16;9370;2216;161
;D;12371;708;124;55;33;54;5;8;18;9190;2055;121
08/01/2023;Total;24996;1326;222;95;65;102;18;21;34;18560;4271;282
;C;15029;1482;328;126;106;116;31;8;29;9632;2971;200
;D;14527;1507;318;156;130;92;25;10;33;9239;2817;200
09/01/2023;Total;29556;2989;646;282;236;208;56;18;62;18871;5788;400
;C;14364;1508;354;140;105;122;28;3;27;9015;2916;146
;D;14492;1561;374;188;117;117;32;5;23;9121;2808;146
10/01/2023;Total;28856;3069;728;328;222;239;60;8;50;18136;5724;292
;C;14044;1517;414;148;111;123;22;3;25;8703;2802;176
;D;13925;1586;376;191;108;107;22;2;22;8793;2556;162
11/01/2023;Total;27969;3103;790;339;219;230;44;5;47;17496;5358;338
;C;14086;1497;363;164;113;138;21;1;25;8899;2684;181
;D;14255;1621;344;201;116;97;26;4;29;8891;2757;169
12/01/2023;Total;28341;3118;707;365;229;235;47;5;54;17790;5441;350
;C;15400;1519;363;127;122;121;20;5;32;9928;2980;183
;D;15710;1603;337;175;118;89;36;2;21;10065;3087;177
13/01/2023;Total;31110;3122;700;302;240;210;56;7;53;19993;6067;360
;C;13801;1100;209;94;71;73;20;1;25;9411;2640;157
;D;14334;1178;214;108;70;66;30;1;26;9892;2554;195
14/01/2023;Total;28135;2278;423;202;141;139;50;2;51;19303;5194;352
;C;12242;600;84;43;19;38;3;2;21;9146;2149;137
;D;12455;685;118;43;45;48;13;0;23;9374;2001;105
15/01/2023;Total;24697;1285;202;86;64;86;16;2;44;18520;4150;242
;C;14642;1374;370;129;101;131;25;3;24;9384;2957;144
;D;14489;1489;339;150;144;104;21;3;26;9488;2575;150
16/01/2023;Total;29131;2863;709;279;245;235;46;6;50;18872;5532;294
;C;14190;1524;372;123;106;115;24;0;20;8871;2879;156
;D;14330;1601;378;169;104;123;40;1;21;8992;2723;178
17/01/2023;Total;28520;3125;750;292;210;238;64;1;41;17863;5602;334
;C;13831;1481;412;143;109;142;28;1;34;8499;2825;157
;D;14183;1595;358;195;137;113;19;3;28;8786;2794;155
18/01/2023;Total;28014;3076;770;338;246;255;47;4;62;17285;5619;312
;C;12601;1324;352;137;95;125;18;4;30;8019;2336;161
;D;12418;1434;329;154;99;112;28;3;25;7950;2137;147
19/01/2023;Total;25019;2758;681;291;194;237;46;7;55;15969;4473;308
;C;13305;1348;354;129;94;103;24;4;29;8452;2613;155
;D;13919;1415;330;132;82;78;31;6;29;9144;2520;152
20/01/2023;Total;27224;2763;684;261;176;181;55;10;58;17596;5133;307
;C;11693;848;198;81;85;99;21;5;26;7686;2501;143
;D;12300;939;206;91;78;72;26;2;19;8310;2391;166
21/01/2023;Total;23993;1787;404;172;163;171;47;7;45;15996;4892;309
;C;11301;564;75;43;23;31;17;4;14;8304;2113;113
;D;10888;639;104;47;36;48;18;4;24;7929;1943;96
22/01/2023;Total;22189;1203;179;90;59;79;35;8;38;16233;4056;209
;C;14486;1320;367;141;88;120;34;2;23;9293;2940;158
;D;13855;1387;347;169;137;128;38;6;19;8739;2758;127
23/01/2023;Total;28341;2707;714;310;225;248;72;8;42;18032;5698;285
;C;13496;1439;349;161;127;103;27;1;32;8319;2774;164
;D;13412;1479;362;166;142;113;44;2;15;8302;2607;180
24/01/2023;Total;26908;2918;711;327;269;216;71;3;47;16621;5381;344
;C;13469;1483;352;134;108;121;44;2;22;8234;2796;173
;D;13266;1412;340;168;113;99;37;1;20;8311;2611;154
25/01/2023;Total;26735;2895;692;302;221;220;81;3;42;16545;5407;327
;C;13656;1474;371;157;107;136;35;6;29;8337;2823;181
;D;13591;1501;370;163;133;135;32;6;30;8393;2651;177
26/01/2023;Total;27247;2975;741;320;240;271;67;12;59;16730;5474;358
;C;14702;1521;407;169;116;111;39;3;37;9223;2883;193
;D;15037;1591;406;163;118;96;31;4;18;9670;2768;172
27/01/2023;Total;29739;3112;813;332;234;207;70;7;55;18893;5651;365
;C;11862;992;225;104;72;84;36;1;17;7718;2467;146
;D;13942;1110;247;105;74;65;17;2;19;9377;2729;197
28/01/2023;Total;25804;2102;472;209;146;149;53;3;36;17095;5196;343
;C;11381;578;66;30;26;44;44;3;8;8358;2091;133
;D;10800;638;102;50;43;45;22;2;21;7920;1847;110
29/01/2023;Total;22181;1216;168;80;69;89;66;5;29;16278;3938;243
;C;15405;1523;390;156;92;116;41;2;29;9815;3078;163
;D;14649;1583;356;161;118;137;47;5;14;9313;2758;157
30/01/2023;Total;30054;3106;746;317;210;253;88;7;43;19128;5836;320
;C;13705;1506;383;154;122;119;21;3;23;8692;2510;172
;D;13548;1551;395;192;134;130;42;2;17;8902;2003;180
31/01/2023;Total;27253;3057;778;346;256;249;63;5;40;17594;4513;352
;C;13295;1491;371;161;102;112;27;1;24;8350;2512;144
;D;12452;1518;323;149;130;100;27;5;21;8542;1471;166
01/02/2023;Total;25747;3009;694;310;232;212;54;6;45;16892;3983;310
;C;13970;1491;327;138;100;102;40;1;17;8785;2788;181
;D;13132;1621;364;189;102;124;35;3;16;9049;1451;178
02/02/2023;Total;27102;3112;691;327;202;226;75;4;33;17834;4239;359
;C;14241;1388;294;146;83;102;19;0;20;8965;3045;179
;D;13541;1626;332;176;117;92;33;4;17;9437;1528;179
03/02/2023;Total;27782;3014;626;322;200;194;52;4;37;18402;4573;358
;C;12753;1008;189;89;66;102;12;0;19;8422;2686;160
;D;12251;1040;211;80;58;60;18;1;17;9115;1466;185
04/02/2023;Total;25004;2048;400;169;124;162;30;1;36;17537;4152;345
;C;11667;598;93;55;24;36;17;1;10;8674;2007;152
;D;10510;641;142;58;49;59;8;0;12;8383;1026;132
05/02/2023;Total;22177;1239;235;113;73;95;25;1;22;17057;3033;284
;C;14262;1360;333;118;68;102;42;0;13;9334;2754;138
;D;12774;1517;353;165;121;121;26;3;12;8982;1343;131
06/02/2023;Total;27036;2877;686;283;189;223;68;3;25;18316;4097;269
;C;13753;1465;306;137;98;102;27;1;21;8503;2960;133
;D;12677;1644;382;162;124;117;23;1;28;8587;1473;136
07/02/2023;Total;26430;3109;688;299;222;219;50;2;49;17090;4433;269
;C;13967;1524;397;195;125;119;42;1;23;8524;2853;164
;D;12650;1594;382;180;136;113;31;2;19;8591;1456;146
08/02/2023;Total;26617;3118;779;375;261;232;73;3;42;17115;4309;310
;C;14272;1567;380;160;123;119;37;3;31;8745;2936;171
;D;13101;1666;371;193;114;125;33;4;22;8880;1506;187
09/02/2023;Total;27373;3233;751;353;237;244;70;7;53;17625;4442;358
;C;15182;1577;422;131;118;98;30;4;24;9587;3001;190
;D;13534;1597;418;175;83;87;38;2;21;9423;1516;174
10/02/2023;Total;28716;3174;840;306;201;185;68;6;45;19010;4517;364
;C;10686;875;193;91;75;91;13;2;18;6822;2373;133
;D;9938;862;199;95;57;53;18;1;19;7279;1197;158
11/02/2023;Total;20624;1737;392;186;132;144;31;3;37;14101;3570;291
;C;11272;600;80;47;35;42;9;0;7;8223;2089;140
;D;10117;595;115;47;47;67;13;2;15;8079;1008;129
12/02/2023;Total;21389;1195;195;94;82;109;22;2;22;16302;3097;269
;C;14993;1492;403;180;95;132;36;2;23;9519;2938;173
;D;12992;1582;375;186;115;104;28;4;17;9003;1424;154
13/02/2023;Total;27985;3074;778;366;210;236;64;6;40;18522;4362;327
;C;14249;1615;421;175;118;137;28;1;19;8612;2953;170
;D;13031;1719;475;231;141;154;25;4;25;8678;1425;154
14/02/2023;Total;27280;3334;896;406;259;291;53;5;44;17290;4378;324
;C;14138;1651;392;152;110;134;25;4;23;8614;2875;158
;D;12819;1686;373;185;145;138;26;1;18;8705;1375;167
15/02/2023;Total;26957;3337;765;337;255;272;51;5;41;17319;4250;325
;C;15413;1712;407;158;117;127;33;1;17;9674;2962;205
;D;13752;1760;394;165;126;113;33;7;22;9518;1441;173
16/02/2023;Total;29165;3472;801;323;243;240;66;8;39;19192;4403;378
;C;13490;1386;326;139;96;124;19;5;24;8649;2532;190
;D;13790;1470;312;162;95;83;23;3;12;10088;1347;195
17/02/2023;Total;27280;2856;638;301;191;207;42;8;36;18737;3879;385
;C;13221;1008;193;96;83;88;30;0;15;9272;2271;165
;D;14025;1054;195;94;68;52;28;4;12;10851;1435;232
18/02/2023;Total;27246;2062;388;190;151;140;58;4;27;20123;3706;397
;C;10150;503;60;22;15;36;20;1;7;7416;1957;113
;D;9558;542;68;33;17;42;34;1;14;7639;1065;103
19/02/2023;Total;19708;1045;128;55;32;78;54;2;21;15055;3022;216
;C;10725;754;139;76;50;71;20;2;11;7423;2066;113
;D;9470;768;151;74;72;64;29;1;7;7149;1045;110
20/02/2023;Total;20195;1522;290;150;122;135;49;3;18;14572;3111;223
;C;12054;694;94;47;35;49;11;2;14;8808;2164;136
;D;10681;724;117;52;37;69;15;1;12;8391;1140;123
21/02/2023;Total;22735;1418;211;99;72;118;26;3;26;17199;3304;259
;C;15154;1207;275;127;83;106;31;1;19;10491;2635;179
;D;12057;1263;273;178;129;100;28;4;13;8788;1157;124
22/02/2023;Total;27211;2470;548;305;212;206;59;5;32;19279;3792;303
;C;13990;1594;362;145;99;122;25;1;29;8726;2727;160
;D;12169;1687;342;177;144;120;33;5;21;8166;1320;154
23/02/2023;Total;26159;3281;704;322;243;242;58;6;50;16892;4047;314
;C;13626;1500;352;144;98;133;26;2;17;8545;2639;170
;D;12717;1643;349;178;124;105;33;4;12;8668;1455;146
24/02/2023;Total;26343;3143;701;322;222;238;59;6;29;17213;4094;316
;C;7652;721;191;81;58;78;15;4;5;4705;1690;104
;D;6924;714;187;78;53;45;14;2;10;4923;788;110
25/02/2023;Total;14576;1435;378;159;111;123;29;6;15;9628;2478;214
;C;7514;352;65;43;23;33;8;0;8;5552;1351;79
;D;7220;428;76;41;33;36;11;0;14;5763;743;75
26/02/2023;Total;14734;780;141;84;56;69;19;0;22;11315;2094;154
;C;10173;1134;269;115;73;92;32;0;14;6230;2107;107
;D;8372;1145;239;121;98;82;22;4;11;5687;846;117
27/02/2023;Total;18545;2279;508;236;171;174;54;4;25;11917;2953;224
;C;8579;975;190;93;62;86;26;1;8;5396;1634;108
;D;8060;975;206;132;108;94;33;4;8;5368;1021;111
28/02/2023;Total;16639;1950;396;225;170;180;59;5;16;10764;2655;219
;C;14092;1648;453;142;106;161;29;1;21;8510;2876;145
;D;12704;1686;392;152;146;124;29;5;21;8597;1403;149
01/03/2023;Total;26796;3334;845;294;252;285;58;6;42;17107;4279;294
;C;14458;1531;372;136;112;139;31;1;20;9050;2895;171
;D;12766;1591;390;171;143;107;35;2;12;8784;1363;168
02/03/2023;Total;27224;3122;762;307;255;246;66;3;32;17834;4258;339
;C;15110;1487;347;154;102;147;31;0;16;9649;2993;184
;D;13815;1619;358;171;132;110;36;5;16;9699;1483;186
03/03/2023;Total;28925;3106;705;325;234;257;67;5;32;19348;4476;370
;C;13422;1057;221;100;87;104;30;2;17;8849;2796;159
;D;12047;994;205;108;81;80;44;3;9;8927;1422;174
04/03/2023;Total;25469;2051;426;208;168;184;74;5;26;17776;4218;333
;C;11733;590;82;46;41;50;26;2;10;8548;2196;142
;D;9921;585;93;41;40;62;26;1;10;7818;1121;124
05/03/2023;Total;21654;1175;175;87;81;112;52;3;20;16366;3317;266
;C;14624;1516;338;129;87;114;28;1;19;9226;2989;177
;D;13401;1587;313;169;155;130;46;2;16;9403;1427;153
06/03/2023;Total;28025;3103;651;298;242;244;74;3;35;18629;4416;330
;C;13706;1499;333;149;97;135;34;0;23;8373;2924;139
;D;12747;1562;357;165;145;124;40;2;22;8740;1424;166
07/03/2023;Total;26453;3061;690;314;242;259;74;2;45;17113;4348;305
;C;13874;1580;374;148;120;154;37;1;19;8370;2923;148
;D;12516;1642;370;171;150;140;35;4;22;8400;1435;147
08/03/2023;Total;26390;3222;744;319;270;294;72;5;41;16770;4358;295
;C;13951;1582;378;145;107;151;36;1;25;8432;2921;173
;D;12861;1745;333;177;141;129;23;2;11;8637;1484;179
09/03/2023;Total;26812;3327;711;322;248;280;59;3;36;17069;4405;352
;C;14443;1592;380;133;102;139;31;3;22;8944;2944;153
;D;13763;1740;359;152;114;112;32;1;15;9467;1591;180
10/03/2023;Total;28206;3332;739;285;216;251;63;4;37;18411;4535;333
;C;13245;1088;217;97;95;119;18;0;22;8613;2824;152
;D;12673;1156;218;130;87;83;27;4;15;9246;1528;179
11/03/2023;Total;25918;2244;435;227;182;202;45;4;37;17859;4352;331
;C;11561;511;97;42;40;42;7;2;13;8464;2188;155
;D;10001;551;115;42;43;71;11;1;16;7980;1056;115
12/03/2023;Total;21562;1062;212;84;83;113;18;3;29;16444;3244;270
;C;12731;1488;330;159;100;142;25;0;32;7569;2739;147
;D;11735;1610;335;159;143;131;28;4;15;7773;1381;156
14/03/2023;Total;24466;3098;665;318;243;273;53;4;47;15342;4120;303
;C;10172;1164;297;147;97;85;26;0;15;6153;2088;100
;D;11217;1541;317;150;140;119;32;3;23;7561;1209;122
15/03/2023;Total;21389;2705;614;297;237;204;58;3;38;13714;3297;222
;C;12569;1505;355;157;102;124;23;0;32;7537;2573;161
;D;12564;1678;400;189;151;114;25;1;17;8427;1397;165
16/03/2023;Total;25133;3183;755;346;253;238;48;1;49;15964;3970;326
;C;12819;1399;298;178;98;130;17;1;20;7821;2702;155
;D;12407;1511;330;156;102;113;45;1;18;8509;1462;160
17/03/2023;Total;25226;2910;628;334;200;243;62;2;38;16330;4164;315
;C;12772;1058;215;89;95;102;9;0;23;8327;2683;171
;D;12358;1090;225;109;91;83;27;4;16;9096;1427;190
18/03/2023;Total;25130;2148;440;198;186;185;36;4;39;17423;4110;361
;C;11573;559;100;46;44;41;13;0;7;8418;2199;146
;D;9856;621;136;50;54;72;14;5;17;7642;1112;133
19/03/2023;Total;21429;1180;236;96;98;113;27;5;24;16060;3311;279
;C;12450;1309;315;121;96;137;30;2;34;7751;2512;143
;D;12202;1565;343;162;119;117;29;3;17;8363;1327;157
20/03/2023;Total;24652;2874;658;283;215;254;59;5;51;16114;3839;300
;C;12403;1441;370;161;99;124;26;1;19;7907;2117;138
;D;11832;1576;357;177;156;143;20;3;26;8161;1080;133
21/03/2023;Total;24235;3017;727;338;255;267;46;4;45;16068;3197;271
;C;13386;1526;361;166;122;161;29;0;19;8161;2714;127
;D;10550;1423;319;150;126;121;23;2;9;7089;1160;128
22/03/2023;Total;23936;2949;680;316;248;282;52;2;28;15250;3874;255
;C;13884;1559;395;174;112;155;22;1;31;8400;2872;163
;D;12599;1686;359;171;125;147;30;4;26;8451;1434;166
23/03/2023;Total;26483;3245;754;345;237;302;52;5;57;16851;4306;329
;C;14467;1553;361;177;108;121;18;1;23;9012;2922;171
;D;13422;1617;336;181;118;105;40;2;26;9313;1501;183
24/03/2023;Total;27889;3170;697;358;226;226;58;3;49;18325;4423;354
;C;12918;1056;232;93;86;92;19;0;15;8394;2787;144
;D;12111;1042;227;116;85;71;22;2;19;8916;1436;175
25/03/2023;Total;25029;2098;459;209;171;163;41;2;34;17310;4223;319
;C;13379;1519;383;143;107;142;16;1;24;7998;2887;159
;D;12268;1623;407;199;120;165;30;0;19;8114;1432;159
28/03/2023;Total;25647;3142;790;342;227;307;46;1;43;16112;4319;318
;C;11594;1389;380;154;88;115;24;2;22;7061;2223;136
;D;11908;1653;382;179;129;139;25;6;20;7992;1246;137
29/03/2023;Total;23502;3042;762;333;217;254;49;8;42;15053;3469;273
;C;10246;1168;308;98;77;102;13;2;16;6160;2156;146
;D;9153;1179;282;117;71;65;14;0;18;6269;1012;126
30/03/2023;Total;19399;2347;590;215;148;167;27;2;34;12429;3168;272
;C;14313;1566;360;120;94;122;22;3;10;8878;2967;171
;D;10844;1352;301;126;68;70;20;0;27;7438;1299;143
31/03/2023;Total;25157;2918;661;246;162;192;42;3;37;16316;4266;314
;C;13305;1054;231;97;68;99;11;0;8;8714;2827;196
;D;12881;1138;232;113;73;73;19;1;11;9555;1479;187
01/04/2023;Total;26186;2192;463;210;141;172;30;1;19;18269;4306;383
;C;11361;575;91;35;37;42;6;0;10;8225;2212;128
;D;9882;543;122;50;58;59;12;1;10;7761;1124;142
02/04/2023;Total;21243;1118;213;85;95;101;18;1;20;15986;3336;270
;C;14331;1502;372;150;78;125;22;0;16;8873;3040;153
;D;10567;1345;289;126;103;111;22;4;12;7338;1079;138
03/04/2023;Total;24898;2847;661;276;181;236;44;4;28;16211;4119;291
;C;10050;1182;247;123;52;83;20;1;11;6439;1752;140
;D;11559;1496;334;187;94;137;27;3;27;7708;1395;151
04/04/2023;Total;21609;2678;581;310;146;220;47;4;38;14147;3147;291
;C;14560;1556;402;154;136;132;27;0;13;9048;2930;162
;D;13112;1639;399;172;115;113;18;4;17;9096;1371;168
05/04/2023;Total;27672;3195;801;326;251;245;45;4;30;18144;4301;330
;C;14936;1394;361;150;98;109;28;0;20;9732;2883;161
;D;15232;1465;341;166;106;112;22;3;12;11210;1604;191
06/04/2023;Total;30168;2859;702;316;204;221;50;3;32;20942;4487;352
;C;10994;510;98;61;41;54;12;1;9;8001;2137;70
;D;10975;493;77;60;27;41;11;3;13;8954;1220;76
07/04/2023;Total;21969;1003;175;121;68;95;23;4;22;16955;3357;146
;C;10766;829;141;84;41;65;9;0;4;7463;2004;126
;D;9958;874;153;90;78;46;15;2;11;7499;1072;118
08/04/2023;Total;20724;1703;294;174;119;111;24;2;15;14962;3076;244
;C;12940;500;68;33;18;29;6;0;8;10021;2143;114
;D;10469;513;85;47;41;49;7;0;10;8625;1010;82
09/04/2023;Total;23409;1013;153;80;59;78;13;0;18;18646;3153;196
;C;12101;1140;299;107;92;124;22;1;17;7529;2653;117
;D;12814;1567;351;180;104;130;21;4;19;8888;1408;142
10/04/2023;Total;24915;2707;650;287;196;254;43;5;36;16417;4061;259
;C;11771;1330;320;104;94;101;12;1;11;7015;2657;126
;D;12468;1620;388;173;121;126;24;4;18;8377;1489;128
11/04/2023;Total;24239;2950;708;277;215;227;36;5;29;15392;4146;254
;C;13708;1580;411;143;94;149;28;0;13;8207;2930;153
;D;12545;1707;376;153;135;128;19;4;20;8326;1522;155
12/04/2023;Total;26253;3287;787;296;229;277;47;4;33;16533;4452;308
;C;13736;1589;377;147;101;134;22;1;18;8298;2891;158
;D;12458;1639;363;159;128;107;16;3;15;8454;1393;181
13/04/2023;Total;26194;3228;740;306;229;241;38;4;33;16752;4284;339
;C;14507;1545;389;138;83;124;29;0;17;9013;2995;174
;D;11772;1534;364;147;75;69;22;2;13;8141;1256;149
14/04/2023;Total;26279;3079;753;285;158;193;51;2;30;17154;4251;323
;C;12862;1021;260;90;67;81;13;2;12;8420;2723;173
;D;10134;952;235;95;54;45;11;2;13;7358;1213;156
15/04/2023;Total;22996;1973;495;185;121;126;24;4;25;15778;3936;329
;C;10849;519;103;35;28;37;8;0;9;7861;2137;112
;D;9641;519;122;40;37;39;7;1;21;7652;1106;97
16/04/2023;Total;20490;1038;225;75;65;76;15;1;30;15513;3243;209
;C;14049;1521;407;116;95;137;33;0;15;8513;3061;151
;D;12105;1533;373;165;144;96;16;0;13;8211;1417;137
17/04/2023;Total;26154;3054;780;281;239;233;49;0;28;16724;4478;288
;C;13790;1580;385;139;101;145;28;0;17;8161;3073;161
;D;12184;1665;377;181;145;132;19;2;10;8050;1461;142
18/04/2023;Total;25974;3245;762;320;246;277;47;2;27;16211;4534;303
;C;13379;1552;394;144;107;140;30;2;9;7915;2942;144
;D;12072;1621;377;174;138;83;13;0;13;8125;1397;131
19/04/2023;Total;25451;3173;771;318;245;223;43;2;22;16040;4339;275
;C;13021;1339;379;147;84;125;23;1;29;7991;2749;154
;D;13134;1632;405;173;139;108;15;6;11;8964;1514;167
20/04/2023;Total;26155;2971;784;320;223;233;38;7;40;16955;4263;321
;C;11165;738;259;63;60;77;12;0;9;7519;2318;110
;D;8842;629;182;57;34;49;7;1;9;6763;1001;110
21/04/2023;Total;20007;1367;441;120;94;126;19;1;18;14282;3319;220
;C;10738;859;182;67;61;58;16;0;8;6958;2406;123
;D;10100;851;192;83;84;54;14;1;12;7355;1290;164
22/04/2023;Total;20838;1710;374;150;145;112;30;1;20;14313;3696;287
;C;11963;476;77;37;20;54;3;1;7;8970;2200;118
;D;10165;479;116;44;52;50;6;0;11;8271;1048;88
23/04/2023;Total;22128;955;193;81;72;104;9;1;18;17241;3248;206
;C;14355;1519;417;140;82;136;36;2;17;8985;2876;145
;D;12753;1611;382;179;132;110;13;6;13;8774;1417;116
24/04/2023;Total;27108;3130;799;319;214;246;49;8;30;17759;4293;261
;C;12203;1457;350;165;106;100;20;1;22;7747;2118;117
;D;11785;1592;368;173;116;125;26;3;16;8047;1201;118
25/04/2023;Total;23988;3049;718;338;222;225;46;4;38;15794;3319;235
;C;12589;1451;330;158;98;127;25;1;20;7574;2690;115
;D;11603;1578;330;177;121;113;15;2;6;7788;1355;118
26/04/2023;Total;24192;3029;660;335;219;240;40;3;26;15362;4045;233
;C;9347;1092;256;119;69;78;9;0;12;5848;1775;89
;D;9993;1395;335;146;88;88;19;1;10;6876;928;107
27/04/2023;Total;19340;2487;591;265;157;166;28;1;22;12724;2703;196
;C;11262;1151;294;108;67;85;14;1;10;7154;2241;137
;D;9960;1168;283;99;70;64;8;4;16;6959;1141;148
28/04/2023;Total;21222;2319;577;207;137;149;22;5;26;14113;3382;285
;C;13200;949;223;92;56;79;2;0;6;8953;2687;153
;D;12490;974;207;118;64;61;12;2;12;9439;1456;145
29/04/2023;Total;25690;1923;430;210;120;140;14;2;18;18392;4143;298
;C;9185;481;70;36;24;36;2;0;5;6973;1467;91
;D;8614;503;67;43;24;31;7;0;18;7067;778;76
30/04/2023;Total;17799;984;137;79;48;67;9;0;23;14040;2245;167
;C;12130;583;115;54;32;33;3;0;5;8915;2273;117
;D;10255;594;162;62;50;60;5;0;8;8151;1064;99
01/05/2023;Total;22385;1177;277;116;82;93;8;0;13;17066;3337;216
;C;13677;1453;338;124;91;111;21;0;12;8307;3076;144
;D;11486;1488;333;158;119;98;16;2;13;7799;1340;120
02/05/2023;Total;25163;2941;671;282;210;209;37;2;25;16106;4416;264
;C;11980;1396;346;127;66;92;18;0;10;7093;2719;113
;D;11351;1554;365;159;118;97;20;1;24;7534;1350;129
03/05/2023;Total;23331;2950;711;286;184;189;38;1;34;14627;4069;242
;C;14076;1620;359;156;97;110;23;0;15;8447;3098;151
;D;12008;1604;377;166;99;90;22;2;12;8082;1410;144
04/05/2023;Total;26084;3224;736;322;196;200;45;2;27;16529;4508;295
;C;14957;1599;373;134;92;123;27;3;19;9400;3034;153
;D;13567;1659;388;170;101;98;24;2;21;9439;1511;154
05/05/2023;Total;28524;3258;761;304;193;221;51;5;40;18839;4545;307
;C;10017;923;204;92;65;83;8;1;10;6277;2243;111
;D;11147;1065;211;112;58;64;10;5;10;8102;1352;158
06/05/2023;Total;21164;1988;415;204;123;147;18;6;20;14379;3595;269
;C;10869;476;70;37;33;33;5;1;9;7884;2168;153
;D;9425;478;96;53;41;49;7;0;14;7463;1085;139
07/05/2023;Total;20294;954;166;90;74;82;12;1;23;15347;3253;292
;C;14412;1497;369;139;102;117;26;1;18;8867;3125;151
;D;12687;1638;349;160;120;95;20;4;18;8658;1502;123
08/05/2023;Total;27099;3135;718;299;222;212;46;5;36;17525;4627;274
;C;13716;1580;413;164;94;109;16;0;18;8240;2954;128
;D;12234;1662;394;190;136;96;19;0;21;8088;1485;143
09/05/2023;Total;25950;3242;807;354;230;205;35;0;39;16328;4439;271
;C;13790;1719;379;146;111;124;11;2;20;8092;3047;139
;D;12627;1909;366;175;116;111;26;4;22;8152;1602;144
10/05/2023;Total;26417;3628;745;321;227;235;37;6;42;16244;4649;283
;C;14160;2082;407;146;118;114;20;0;18;7915;3184;156
;D;13104;2459;432;167;132;117;17;3;6;7743;1859;169
11/05/2023;Total;27264;4541;839;313;250;231;37;3;24;15658;5043;325
;C;14971;2163;419;131;129;117;15;1;17;8583;3229;167
;D;14279;2458;387;163;102;82;23;2;17;8969;1904;172
12/05/2023;Total;29250;4621;806;294;231;199;38;3;34;17552;5133;339
;C;13466;1473;252;97;64;78;10;1;14;8264;3054;159
;D;13555;1855;226;106;60;52;8;1;4;9011;2059;173
13/05/2023;Total;27021;3328;478;203;124;130;18;2;18;17275;5113;332
;C;13949;1166;98;31;22;38;2;1;7;9936;2561;87
;D;12164;1203;82;45;31;51;5;0;22;9070;1581;74
14/05/2023;Total;26113;2369;180;76;53;89;7;1;29;19006;4142;161
;C;15202;2079;409;135;96;127;24;2;16;8826;3348;140
;D;12785;2267;394;188;126;97;11;1;9;7820;1715;157
15/05/2023;Total;27987;4346;803;323;222;224;35;3;25;16646;5063;297
;C;13627;1978;383;138;84;113;18;0;22;7668;3083;140
;D;14044;2563;405;179;131;130;24;2;13;8516;1906;175
16/05/2023;Total;27671;4541;788;317;215;243;42;2;35;16184;4989;315
;C;14892;2096;402;150;88;126;20;3;20;8617;3213;157
;D;12385;2318;369;195;92;119;18;0;20;7348;1741;165
17/05/2023;Total;27277;4414;771;345;180;245;38;3;40;15965;4954;322
;C;13959;2084;365;147;102;114;22;2;13;7859;3111;140
;D;12864;2502;394;191;129;97;15;4;15;7589;1766;162
18/05/2023;Total;26823;4586;759;338;231;211;37;6;28;15448;4877;302
;C;13313;1969;360;138;85;100;16;0;21;7915;2566;143
;D;12161;2260;325;143;96;89;24;2;17;7585;1488;132
19/05/2023;Total;25474;4229;685;281;181;189;40;2;38;15500;4054;275
;C;11512;1434;216;82;62;65;9;2;14;7475;2050;103
;D;11628;1849;220;125;51;55;20;1;13;7781;1390;123
20/05/2023;Total;23140;3283;436;207;113;120;29;3;27;15256;3440;226
;C;8946;815;62;41;26;46;4;2;14;6680;1182;74
;D;6724;824;80;45;37;46;4;0;18;5015;604;51
21/05/2023;Total;15670;1639;142;86;63;92;8;2;32;11695;1786;125
;C;13133;1957;320;119;82;107;20;1;21;7997;2387;122
;D;10138;1923;297;128;83;74;13;1;6;6521;997;95
22/05/2023;Total;23271;3880;617;247;165;181;33;2;27;14518;3384;217
;C;13400;1908;321;143;88;102;15;1;7;7530;3159;126
;D;12543;2322;338;169;114;102;18;3;9;7516;1831;121
23/05/2023;Total;25943;4230;659;312;202;204;33;4;16;15046;4990;247
;C;12149;1756;341;135;101;95;23;1;22;6948;2614;113
;D;12083;2245;313;185;114;110;26;2;14;7282;1676;116
24/05/2023;Total;24232;4001;654;320;215;205;49;3;36;14230;4290;229
;C;12823;1858;346;135;102;113;12;1;35;7289;2782;150
;D;12193;2333;400;164;96;100;13;2;7;7263;1670;145
25/05/2023;Total;25016;4191;746;299;198;213;25;3;42;14552;4452;295
;C;14576;2062;402;150;88;109;18;0;29;8444;3130;144
;D;13818;2501;353;171;107;92;30;3;7;8530;1872;152
26/05/2023;Total;28394;4563;755;321;195;201;48;3;36;16974;5002;296
;C;12451;1331;219;104;65;86;17;1;18;7734;2731;145
;D;12218;1760;223;103;57;71;19;2;8;8043;1776;156
27/05/2023;Total;24669;3091;442;207;122;157;36;3;26;15777;4507;301
;C;10786;915;81;26;26;33;2;0;12;7597;1974;120
;D;9407;1012;90;45;41;33;4;0;14;6953;1124;91
28/05/2023;Total;20193;1927;171;71;67;66;6;0;26;14550;3098;211
;C;14414;2000;369;139;87;102;19;0;16;8203;3317;162
;D;12464;2277;323;181;102;98;17;2;5;7596;1722;141
29/05/2023;Total;26878;4277;692;320;189;200;36;2;21;15799;5039;303
;C;13343;1864;377;120;86;119;20;0;20;7535;3064;138
;D;12622;2446;398;176;110;109;17;1;10;7421;1807;127
30/05/2023;Total;25965;4310;775;296;196;228;37;1;30;14956;4871;265
;C;13185;1995;401;139;94;116;18;1;27;7709;2537;148
;D;12517;2386;344;148;112;113;18;2;26;7648;1574;146
31/05/2023;Total;25702;4381;745;287;206;229;36;3;53;15357;4111;294
;C;13361;1978;366;147;84;101;21;0;23;7740;2771;130
;D;12794;2383;389;180;107;77;20;4;8;7839;1624;163
01/06/2023;Total;26155;4361;755;327;191;178;41;4;31;15579;4395;293
;C;13466;1953;384;164;78;119;15;0;16;7792;2818;127
;D;12271;2274;309;142;100;89;14;1;11;7658;1521;152
02/06/2023;Total;25737;4227;693;306;178;208;29;1;27;15450;4339;279
;C;12998;1479;228;85;61;61;13;1;21;8100;2807;142
;D;12711;1881;238;107;60;63;15;0;6;8461;1708;172
03/06/2023;Total;25709;3360;466;192;121;124;28;1;27;16561;4515;314
;C;8809;699;69;42;20;36;5;0;11;6130;1698;99
;D;9692;1066;112;51;53;57;3;1;12;6974;1261;102
04/06/2023;Total;18501;1765;181;93;73;93;8;1;23;13104;2959;201
;C;14093;1910;362;142;89;110;18;1;27;8163;3133;138
;D;12655;2224;365;174;114;99;18;1;28;7733;1755;144
05/06/2023;Total;26748;4134;727;316;203;209;36;2;55;15896;4888;282
;C;13223;1909;359;139;78;104;18;0;29;7868;2598;121
;D;12478;2352;336;177;126;107;18;2;19;7639;1573;129
06/06/2023;Total;25701;4261;695;316;204;211;36;2;48;15507;4171;250
;C;13926;1951;396;175;81;110;22;1;18;8016;3025;131
;D;13212;2386;365;171;128;116;18;1;17;8088;1786;136
07/06/2023;Total;27138;4337;761;346;209;226;40;2;35;16104;4811;267
;C;11617;1257;235;98;67;74;9;0;21;7226;2502;128
;D;11794;1646;248;131;88;74;7;3;24;7858;1555;160
08/06/2023;Total;23411;2903;483;229;155;148;16;3;45;15084;4057;288
;C;14645;2073;362;138;91;87;14;2;23;8523;3157;175
;D;11072;2056;293;104;65;64;22;7;15;6893;1420;133
09/06/2023;Total;25717;4129;655;242;156;151;36;9;38;15416;4577;308
;C;12846;1459;192;80;63;83;17;0;23;7820;2960;149
;D;12353;1760;210;108;56;69;16;2;18;8135;1836;143
10/06/2023;Total;25199;3219;402;188;119;152;33;2;41;15955;4796;292
;C;12489;1017;83;39;19;38;5;2;10;8679;2473;124
;D;10277;1131;102;63;36;41;3;1;17;7381;1384;118
11/06/2023;Total;22766;2148;185;102;55;79;8;3;27;16060;3857;242
;C;10403;1322;252;117;49;47;13;0;10;6591;1913;89
;D;12896;2123;335;162;109;92;25;1;25;8054;1845;125
12/06/2023;Total;23299;3445;587;279;158;139;38;1;35;14645;3758;214
;C;11664;1730;349;119;68;97;18;0;19;6825;2333;106
;D;12253;2229;375;159;110;120;23;3;21;7559;1536;118
14/06/2023;Total;23917;3959;724;278;178;217;41;3;40;14384;3869;224
;C;13345;1967;312;109;96;104;24;3;22;7839;2747;122
;D;13090;2478;354;155;109;95;21;2;23;8038;1683;132
15/06/2023;Total;26435;4445;666;264;205;199;45;5;45;15877;4430;254
;C;14003;2015;397;140;68;106;19;1;25;8025;3071;136
;D;12925;2256;338;175;80;64;19;2;13;8142;1694;142
16/06/2023;Total;26928;4271;735;315;148;170;38;3;38;16167;4765;278
;C;12643;1423;208;79;67;92;10;3;25;8090;2521;125
;D;12371;1744;201;102;71;66;15;1;27;8397;1606;141
17/06/2023;Total;25014;3167;409;181;138;158;25;4;52;16487;4127;266
;C;10460;877;103;46;26;51;2;0;7;7408;1845;95
;D;9136;977;107;45;40;58;1;1;12;6641;1171;83
18/06/2023;Total;19596;1854;210;91;66;109;3;1;19;14049;3016;178
;C;12795;1941;348;132;95;125;19;1;28;7473;2489;144
;D;12479;2332;355;192;129;113;19;6;19;7667;1523;124
21/06/2023;Total;25274;4273;703;324;224;238;38;7;47;15140;4012;268
;C;10021;1501;286;85;70;85;18;2;11;5724;2136;103
;D;11534;2142;325;171;89;97;16;1;15;7083;1453;142
22/06/2023;Total;21555;3643;611;256;159;182;34;3;26;12807;3589;245
;C;12445;1725;247;124;97;108;14;1;16;7546;2444;123
;D;13648;2281;251;150;77;87;20;1;15;9028;1580;158
23/06/2023;Total;26093;4006;498;274;174;195;34;2;31;16574;4024;281
;C;10393;1106;140;46;51;68;6;1;10;6779;2085;101
;D;11300;1554;138;53;48;42;11;2;10;7932;1374;136
24/06/2023;Total;21693;2660;278;99;99;110;17;3;20;14711;3459;237
;C;11565;953;81;26;11;47;1;0;5;8423;1921;97
;D;9092;1037;86;32;30;44;2;1;21;6691;1081;67
25/06/2023;Total;20657;1990;167;58;41;91;3;1;26;15114;3002;164
;C;13514;1715;274;122;60;87;21;0;18;8586;2524;107
;D;10063;1637;249;110;114;106;13;4;10;6450;1281;89
26/06/2023;Total;23577;3352;523;232;174;193;34;4;28;15036;3805;196
;C;14423;2103;370;160;104;136;18;1;21;8432;2937;141
;D;12323;2306;337;173;123;122;23;2;15;7586;1510;126
27/06/2023;Total;26746;4409;707;333;227;258;41;3;36;16018;4447;267
;C;13312;2031;376;144;89;121;20;0;15;7871;2535;110
;D;13286;2458;370;173;110;117;18;0;23;8311;1574;132
28/06/2023;Total;26598;4489;746;317;199;238;38;0;38;16182;4109;242
;C;11051;1334;307;140;79;115;24;1;19;6675;2252;105
;D;11547;1943;343;162;106;98;18;3;19;7405;1307;143
29/06/2023;Total;22598;3277;650;302;185;213;42;4;38;14080;3559;248
;C;13907;1452;365;123;94;115;14;0;20;8929;2653;142
;D;11446;1319;304;150;83;78;14;3;15;8133;1227;120
30/06/2023;Total;25353;2771;669;273;177;193;28;3;35;17062;3880;262
;C;13213;1483;324;116;89;99;10;1;20;8351;2605;115
;D;12259;1592;350;180;115;116;16;3;16;8466;1272;133
04/07/2023;Total;25472;3075;674;296;204;215;26;4;36;16817;3877;248
;C;13721;1493;391;134;74;116;29;2;15;8544;2797;126
;D;12629;1632;333;174;111;125;20;4;19;8665;1418;128
05/07/2023;Total;26350;3125;724;308;185;241;49;6;34;17209;4215;254
;C;13717;1475;366;174;92;104;17;2;28;8790;2528;141
;D;12964;1644;406;187;108;95;20;0;20;9024;1308;152
06/07/2023;Total;26681;3119;772;361;200;199;37;2;48;17814;3836;293
;C;14038;1490;345;153;81;96;13;0;24;9217;2490;129
;D;12872;1524;289;160;80;99;20;3;15;9234;1312;136
07/07/2023;Total;26910;3014;634;313;161;195;33;3;39;18451;3802;265
;C;12794;999;178;90;41;88;10;1;10;8704;2565;108
;D;11332;1030;170;94;62;75;17;1;15;8467;1283;118
08/07/2023;Total;24126;2029;348;184;103;163;27;2;25;17171;3848;226
;C;10248;481;72;43;27;46;12;0;7;7776;1694;90
;D;9113;492;91;42;27;39;7;1;19;7493;844;58
09/07/2023;Total;19361;973;163;85;54;85;19;1;26;15269;2538;148
;C;13705;1342;316;131;80;98;13;0;16;8636;2930;143
;D;12484;1407;318;136;110;104;8;2;19;8900;1351;129
10/07/2023;Total;26189;2749;634;267;190;202;21;2;35;17536;4281;272
;C;13282;1376;320;157;77;104;13;1;24;8154;2919;137
;D;12290;1523;383;171;104;105;20;2;20;8449;1372;141
11/07/2023;Total;25572;2899;703;328;181;209;33;3;44;16603;4291;278
;C;12313;1365;350;140;70;105;15;0;17;7434;2687;130
;D;10444;1280;340;157;101;111;15;0;16;7114;1199;111
12/07/2023;Total;22757;2645;690;297;171;216;30;0;33;14548;3886;241
;C;12988;1293;343;146;87;91;23;1;22;8100;2704;178
;D;11952;1373;319;188;122;115;17;1;22;8294;1326;175
13/07/2023;Total;24940;2666;662;334;209;206;40;2;44;16394;4030;353
;C;14120;1442;345;152;93;90;18;1;21;8905;2905;148
;D;12825;1480;337;143;89;87;25;2;15;9105;1382;160
14/07/2023;Total;26945;2922;682;295;182;177;43;3;36;18010;4287;308
;C;8738;683;150;65;36;63;10;2;13;5727;1891;98
;D;11822;950;199;100;57;68;11;1;15;8819;1433;169
15/07/2023;Total;20560;1633;349;165;93;131;21;3;28;14546;3324;267
;C;9711;443;93;41;22;34;5;0;10;6986;1975;102
;D;8778;453;108;52;27;43;3;1;16;6979;981;115
16/07/2023;Total;18489;896;201;93;49;77;8;1;26;13965;2956;217
;C;14087;1370;348;165;79;89;19;0;18;8915;2927;157
;D;12146;1465;341;155;104;95;16;3;21;8552;1255;139
17/07/2023;Total;26233;2835;689;320;183;184;35;3;39;17467;4182;296
;C;13559;1426;384;150;68;101;29;0;18;8210;3019;154
;D;11113;1343;340;150;73;86;21;1;22;7617;1328;132
18/07/2023;Total;24672;2769;724;300;141;187;50;1;40;15827;4347;286
;C;13237;1388;355;128;98;117;20;1;37;8211;2748;134
;D;12019;1496;341;195;120;120;20;3;26;8280;1296;122
19/07/2023;Total;25256;2884;696;323;218;237;40;4;63;16491;4044;256
;C;13679;1423;364;116;95;129;17;0;29;8480;2866;160
;D;12510;1529;421;157;103;102;22;1;24;8643;1366;142
20/07/2023;Total;26189;2952;785;273;198;231;39;1;53;17123;4232;302
;C;14406;1418;379;107;91;126;29;1;31;9211;2859;154
;D;13490;1541;354;161;93;80;22;5;31;9606;1433;164
21/07/2023;Total;27896;2959;733;268;184;206;51;6;62;18817;4292;318
;C;12689;953;209;110;73;78;12;1;24;8431;2658;140
;D;11980;1011;213;128;66;80;11;5;17;8943;1338;168
22/07/2023;Total;24669;1964;422;238;139;158;23;6;41;17374;3996;308
;C;11302;458;82;51;36;42;7;0;11;8359;2110;146
;D;9537;476;93;55;40;55;6;0;20;7685;1011;96
23/07/2023;Total;20839;934;175;106;76;97;13;0;31;16044;3121;242
;C;13501;1330;353;108;74;103;17;1;22;8494;2841;158
;D;11775;1405;334;161;86;91;20;0;22;8267;1257;132
24/07/2023;Total;25276;2735;687;269;160;194;37;1;44;16761;4098;290
;C;13159;1447;354;145;98;115;15;0;32;8008;2826;119
;D;12160;1549;350;187;128;114;19;6;30;8279;1363;135
25/07/2023;Total;25319;2996;704;332;226;229;34;6;62;16287;4189;254
;C;13553;1431;428;175;101;118;28;1;25;8136;2974;136
;D;12072;1513;395;187;128;119;22;4;17;8161;1400;126
26/07/2023;Total;25625;2944;823;362;229;237;50;5;42;16297;4374;262
;C;11653;1215;330;122;87;88;13;0;19;7086;2576;117
;D;12447;1512;380;195;125;110;19;3;22;8472;1450;159
27/07/2023;Total;24100;2727;710;317;212;198;32;3;41;15558;4026;276
;C;14465;1480;371;170;93;114;21;0;25;9057;2957;177
;D;11443;1352;329;165;70;85;16;3;21;8014;1260;128
28/07/2023;Total;25908;2832;700;335;163;199;37;3;46;17071;4217;305
;C;12953;1013;224;132;63;79;12;2;22;8535;2714;157
;D;12472;1039;211;137;67;70;21;2;24;9249;1487;165
29/07/2023;Total;25425;2052;435;269;130;149;33;4;46;17784;4201;322
;C;11518;478;73;42;29;42;7;0;9;8549;2169;120
;D;9829;498;93;61;53;64;6;1;20;7918;1030;85
30/07/2023;Total;21347;976;166;103;82;106;13;1;29;16467;3199;205
;C;14336;1401;401;144;63;127;16;2;11;8906;3114;151
;D;12370;1461;362;168;109;108;14;2;19;8619;1382;126
31/07/2023;Total;26706;2862;763;312;172;235;30;4;30;17525;4496;277
;C;13942;1571;408;156;85;123;19;1;23;8508;2911;137
;D;12674;1660;402;156;132;128;27;3;16;8555;1464;131
01/08/2023;Total;26616;3231;810;312;217;251;46;4;39;17063;4375;268
;C;13582;1580;459;163;104;130;18;1;24;8278;2674;151
;D;12310;1670;409;169;124;105;19;6;22;8360;1278;148
02/08/2023;Total;25892;3250;868;332;228;235;37;7;46;16638;3952;299
;C;13962;1543;372;162;101;108;16;0;24;8638;2834;164
;D;10963;1378;330;132;100;89;16;1;20;7554;1208;135
03/08/2023;Total;24925;2921;702;294;201;197;32;1;44;16192;4042;299
;C;15125;1594;412;138;87;123;17;1;30;9481;3084;158
;D;13798;1613;386;170;95;90;28;1;18;9707;1518;172
04/08/2023;Total;28923;3207;798;308;182;213;45;2;48;19188;4602;330
;C;13409;958;232;91;83;83;13;1;25;8888;2880;155
;D;12936;999;207;112;74;53;21;1;23;9655;1609;182
05/08/2023;Total;26345;1957;439;203;157;136;34;2;48;18543;4489;337
;C;11733;524;91;46;32;42;5;0;11;8679;2179;124
;D;10140;573;120;45;59;49;6;1;24;8067;1093;103
06/08/2023;Total;21873;1097;211;91;91;91;11;1;35;16746;3272;227
;C;14084;1470;357;158;89;95;25;0;25;8846;2873;146
;D;12532;1528;362;176;121;98;21;2;15;8732;1362;115
07/08/2023;Total;26616;2998;719;334;210;193;46;2;40;17578;4235;261
;C;12245;1452;356;139;92;92;13;1;22;7629;2321;128
;D;9172;1218;326;155;114;93;17;2;15;6236;904;92
08/08/2023;Total;21417;2670;682;294;206;185;30;3;37;13865;3225;220
;C;11181;1269;330;131;80;91;21;0;26;6659;2467;107
;D;12292;1653;347;160;125;99;19;0;19;8375;1353;142
09/08/2023;Total;23473;2922;677;291;205;190;40;0;45;15034;3820;249
;C;15993;1731;379;155;109;134;28;1;40;10145;3098;173
;D;13581;1483;319;166;89;103;24;4;20;9580;1633;160
10/08/2023;Total;29574;3214;698;321;198;237;52;5;60;19725;4731;333
;C;15712;1626;385;164;95;109;15;1;27;10407;2718;165
;D;15213;1757;326;178;111;86;26;0;26;11059;1485;159
11/08/2023;Total;30925;3383;711;342;206;195;41;1;53;21466;4203;324
;C;10921;844;166;76;59;70;7;0;20;7307;2266;106
;D;12799;1023;197;90;52;62;14;3;26;9711;1461;160
12/08/2023;Total;23720;1867;363;166;111;132;21;3;46;17018;3727;266
;C;12684;480;78;33;32;32;4;1;9;9645;2275;95
;D;10853;481;78;38;28;65;4;1;14;8910;1162;72
13/08/2023;Total;23537;961;156;71;60;97;8;2;23;18555;3437;167
;C;14376;1491;342;145;83;98;18;0;23;9179;2866;131
;D;12694;1599;344;180;128;86;23;1;25;8855;1338;115
14/08/2023;Total;27070;3090;686;325;211;184;41;1;48;18034;4204;246
;C;13345;1521;339;148;101;116;26;3;28;8017;2911;135
;D;10334;1363;283;145;87;74;14;2;15;7023;1212;116
15/08/2023;Total;23679;2884;622;293;188;190;40;5;43;15040;4123;251
;C;12589;1512;347;156;107;136;19;0;33;7432;2713;134
;D;10959;1533;305;164;131;99;16;5;16;7346;1216;128
16/08/2023;Total;23548;3045;652;320;238;235;35;5;49;14778;3929;262
;C;13508;1548;377;142;98;113;25;1;31;8257;2763;153
;D;12325;1690;371;180;103;106;17;3;22;8316;1359;158
17/08/2023;Total;25833;3238;748;322;201;219;42;4;53;16573;4122;311
;C;14036;1551;352;153;119;122;20;1;29;8975;2575;139
;D;13370;1602;310;183;112;87;23;6;18;9534;1335;160
18/08/2023;Total;27406;3153;662;336;231;209;43;7;47;18509;3910;299
;C;12145;998;205;97;69;82;11;1;14;8127;2422;119
;D;11806;1054;180;113;73;69;18;2;27;8846;1277;147
19/08/2023;Total;23951;2052;385;210;142;151;29;3;41;16973;3699;266
;C;12365;1243;296;142;87;92;19;3;24;7698;2649;112
;D;12257;1548;329;181;105;85;24;1;23;8503;1339;119
21/08/2023;Total;24622;2791;625;323;192;177;43;4;47;16201;3988;231
;C;12764;1395;330;151;94;122;14;1;25;7736;2776;120
;D;11740;1546;340;171;110;111;20;2;15;7981;1331;113
22/08/2023;Total;24504;2941;670;322;204;233;34;3;40;15717;4107;233
;C;13628;1540;377;140;100;127;18;0;26;8231;2919;150
;D;12022;1588;356;202;137;105;23;2;15;8067;1404;123
23/08/2023;Total;25650;3128;733;342;237;232;41;2;41;16298;4323;273
;C;14872;1657;363;135;110;133;25;1;18;9215;3071;144
;D;13650;1715;435;180;113;101;27;2;28;9329;1570;150
24/08/2023;Total;28522;3372;798;315;223;234;52;3;46;18544;4641;294
;C;15096;1582;376;150;109;105;22;2;27;9389;3188;146
;D;13336;1618;308;162;88;114;20;1;29;9253;1588;155
25/08/2023;Total;28432;3200;684;312;197;219;42;3;56;18642;4776;301
;C;13072;957;242;97;73;82;17;1;13;8598;2848;144
;D;11979;972;249;108;64;56;22;0;16;8880;1478;134
26/08/2023;Total;25051;1929;491;205;137;138;39;1;29;17478;4326;278
;C;9956;363;78;26;18;30;4;2;6;7466;1852;111
;D;9514;474;93;63;42;40;7;1;21;7641;1045;87
27/08/2023;Total;19470;837;171;89;60;70;11;3;27;15107;2897;198
;C;14395;1488;333;134;96;128;16;1;25;8884;3140;150
;D;12483;1543;302;191;129;88;16;0;23;8624;1435;132
28/08/2023;Total;26878;3031;635;325;225;216;32;1;48;17508;4575;282
;C;13173;1514;317;124;96;120;18;0;14;7958;2889;123
;D;12161;1621;346;178;125;99;19;4;19;8170;1453;127
29/08/2023;Total;25334;3135;663;302;221;219;37;4;33;16128;4342;250
;C;13828;1577;386;167;92;124;18;2;21;8246;3026;169
;D;12280;1645;386;184;111;90;23;3;20;8154;1508;156
30/08/2023;Total;26108;3222;772;351;203;214;41;5;41;16400;4534;325
;C;12860;1445;354;148;97;101;17;3;16;7818;2714;147
;D;9680;1236;297;140;76;67;14;1;22;6520;1197;110
31/08/2023;Total;22540;2681;651;288;173;168;31;4;38;14338;3911;257
;C;14771;1586;370;134;100;104;30;1;25;9136;3126;159
;D;13182;1653;334;142;105;81;14;2;24;9173;1493;161
01/09/2023;Total;27953;3239;704;276;205;185;44;3;49;18309;4619;320
;C;11238;477;104;47;24;34;6;2;7;8176;2241;120
;D;9671;496;101;50;42;43;3;1;24;7703;1122;86
03/09/2023;Total;20909;973;205;97;66;77;9;3;31;15879;3363;206
;C;11706;1273;302;112;77;88;14;1;16;7494;2196;133
;D;10635;1340;324;150;95;87;18;2;13;7287;1192;127
04/09/2023;Total;22341;2613;626;262;172;175;32;3;29;14781;3388;260
;C;14181;1658;364;156;107;110;29;1;31;8531;3038;156
;D;12935;1739;358;194;135;107;19;4;37;8701;1494;147
05/09/2023;Total;27116;3397;722;350;242;217;48;5;68;17232;4532;303
;C;15082;1642;388;191;119;118;20;1;33;9374;3050;146
;D;14161;1695;349;198;98;110;23;0;19;9913;1588;168
06/09/2023;Total;29243;3337;737;389;217;228;43;1;52;19287;4638;314
;C;11950;822;202;83;71;80;13;2;22;8777;1730;148
;D;11030;942;211;96;76;72;15;0;18;8528;930;142
07/09/2023;Total;22980;1764;413;179;147;152;28;2;40;17305;2660;290
;C;13981;1393;330;152;84;107;16;0;17;8948;2780;154
;D;12660;1483;314;150;107;90;20;2;24;8897;1415;158
08/09/2023;Total;26641;2876;644;302;191;197;36;2;41;17845;4195;312
;C;10855;850;195;104;50;70;7;1;16;7079;2363;120
;D;11762;1006;230;106;69;63;24;4;20;8716;1368;156
09/09/2023;Total;22617;1856;425;210;119;133;31;5;36;15795;3731;276
;C;12060;525;81;48;26;33;3;1;12;9261;1953;117
;D;8995;495;92;41;44;44;4;4;10;7393;785;83
10/09/2023;Total;21055;1020;173;89;70;77;7;5;22;16654;2738;200
;C;12574;1336;309;135;79;94;18;2;18;7836;2597;150
;D;10980;1414;279;150;95;74;21;1;20;7562;1234;130
11/09/2023;Total;23554;2750;588;285;174;168;39;3;38;15398;3831;280
;C;13570;1620;367;168;87;115;25;2;25;8294;2738;129
;D;10464;1432;312;148;108;105;26;1;17;6983;1220;112
12/09/2023;Total;24034;3052;679;316;195;220;51;3;42;15277;3958;241
;C;13326;1542;355;144;106;116;25;2;35;7900;2937;164
;D;10265;1424;284;134;95;95;24;4;11;6794;1302;98
13/09/2023;Total;23591;2966;639;278;201;211;49;6;46;14694;4239;262
;C;13311;1624;377;157;109;120;23;4;28;8075;2651;143
;D;12274;1728;374;188;104;109;24;6;28;8296;1278;139
14/09/2023;Total;25585;3352;751;345;213;229;47;10;56;16371;3929;282
;C;10664;1142;278;109;79;90;21;1;18;6413;2388;125
;D;8933;1035;209;112;68;76;18;1;16;6220;1068;110
15/09/2023;Total;19597;2177;487;221;147;166;39;2;34;12633;3456;235
;C;10901;791;236;76;65;84;16;1;17;7156;2323;136
;D;11703;838;210;92;66;64;16;2;16;8871;1360;168
16/09/2023;Total;22604;1629;446;168;131;148;32;3;33;16027;3683;304
;C;11263;524;84;39;25;46;10;0;21;8293;2101;120
;D;9337;526;97;55;38;63;9;0;25;7457;986;81
17/09/2023;Total;20600;1050;181;94;63;109;19;0;46;15750;3087;201
;C;14509;1529;375;160;101;130;34;2;16;9041;2980;141
;D;12667;1612;394;187;124;94;21;0;25;8692;1391;127
18/09/2023;Total;27176;3141;769;347;225;224;55;2;41;17733;4371;268
;C;13184;1556;367;165;122;115;20;0;28;8103;2571;137
;D;12155;1683;358;214;140;126;22;6;26;8132;1310;138
19/09/2023;Total;25339;3239;725;379;262;241;42;6;54;16235;3881;275
;C;13498;1588;432;158;117;156;28;1;34;8035;2815;134
;D;12204;1701;383;180;137;117;21;2;20;8147;1366;130
20/09/2023;Total;25702;3289;815;338;254;273;49;3;54;16182;4181;264
;C;14107;1637;377;195;143;149;22;1;27;8559;2830;167
;D;12962;1740;399;190;133;113;23;3;19;8732;1439;171
21/09/2023;Total;27069;3377;776;385;276;262;45;4;46;17291;4269;338
;C;14455;1579;372;152;107;124;18;1;32;9109;2802;159
;D;13552;1690;336;200;121;86;32;4;20;9435;1489;139
22/09/2023;Total;28007;3269;708;352;228;210;50;5;52;18544;4291;298
;C;12626;1030;223;119;72;98;7;0;22;8188;2720;147
;D;10190;920;180;104;66;59;13;0;25;7511;1184;128
23/09/2023;Total;22816;1950;403;223;138;157;20;0;47;15699;3904;275
;C;10922;550;78;40;26;44;7;3;10;7866;2165;133
;D;8267;493;81;28;45;52;7;2;21;6495;938;105
24/09/2023;Total;19189;1043;159;68;71;96;14;5;31;14361;3103;238
;C;14594;1602;346;151;116;130;28;1;31;8912;3137;140
;D;12631;1687;338;173;151;112;24;2;26;8484;1500;134
25/09/2023;Total;27225;3289;684;324;267;242;52;3;57;17396;4637;274
;C;12961;1516;336;165;121;129;31;3;19;7693;2809;139
;D;11202;1508;334;169;108;124;30;3;16;7501;1273;136
26/09/2023;Total;24163;3024;670;334;229;253;61;6;35;15194;4082;275
;C;13581;1547;441;135;122;146;43;2;25;8066;2925;129
;D;12521;1691;408;182;142;125;40;2;29;8275;1492;135
27/09/2023;Total;26102;3238;849;317;264;271;83;4;54;16341;4417;264
;C;13044;1489;416;164;103;134;34;3;23;7675;2852;151
;D;11857;1561;386;148;112;111;27;3;21;7936;1399;153
28/09/2023;Total;24901;3050;802;312;215;245;61;6;44;15611;4251;304
;C;11456;1214;334;102;99;96;33;8;18;6986;2413;153
;D;11086;1294;279;132;101;78;33;6;19;7632;1349;163
29/09/2023;Total;22542;2508;613;234;200;174;66;14;37;14618;3762;316
;C;13736;1054;290;123;93;90;38;8;20;8816;3048;156
;D;13545;1130;278;127;98;75;40;6;24;9879;1713;175
30/09/2023;Total;27281;2184;568;250;191;165;78;14;44;18695;4761;331
;C;12109;558;93;60;39;60;24;6;6;8632;2499;132
;D;10454;588;110;56;61;61;24;7;33;8210;1201;103
01/10/2023;Total;22563;1146;203;116;100;121;48;13;39;16842;3700;235
;C;14596;1514;343;125;82;98;24;5;27;9057;3168;153
;D;12864;1670;311;174;107;89;37;5;22;8793;1506;150
02/10/2023;Total;27460;3184;654;299;189;187;61;10;49;17850;4674;303
;C;14039;1658;337;131;110;114;30;3;24;8421;3041;170
;D;11256;1530;312;158;111;101;29;4;27;7508;1338;138
03/10/2023;Total;25295;3188;649;289;221;215;59;7;51;15929;4379;308
;C;13958;1625;392;151;121;130;27;7;23;8277;3030;175
;D;12423;1662;358;186;147;115;21;6;26;8318;1426;158
04/10/2023;Total;26381;3287;750;337;268;245;48;13;49;16595;4456;333
;C;11413;1313;376;131;108;128;23;0;23;6623;2543;145
;D;12016;1633;368;162;128;117;28;1;26;8115;1240;198
05/10/2023;Total;23429;2946;744;293;236;245;51;1;49;14738;3783;343
;C;9866;515;88;32;22;43;18;0;9;7129;1894;116
;D;9994;570;124;39;42;56;21;0;27;7891;1110;114
08/10/2023;Total;19860;1085;212;71;64;99;39;0;36;15020;3004;230
;C;15266;1578;367;161;126;133;55;3;15;9351;3303;174
;D;13257;1717;343;189;147;118;29;4;15;9011;1528;156
09/10/2023;Total;28523;3295;710;350;273;251;84;7;30;18362;4831;330
;C;14324;1578;382;189;129;135;46;5;27;8414;3233;186
;D;12977;1710;387;202;158;120;32;7;31;8616;1550;164
10/10/2023;Total;27301;3288;769;391;287;255;78;12;58;17030;4783;350
;C;15431;1689;415;171;127;132;33;8;22;9455;3210;169
;D;14126;1824;404;178;134;134;45;9;25;9584;1592;197
11/10/2023;Total;29557;3513;819;349;261;266;78;17;47;19039;4802;366
;C;12984;854;212;92;81;99;22;4;20;8988;2448;164
;D;12210;891;240;92;70;67;21;2;14;9340;1297;176
12/10/2023;Total;25194;1745;452;184;151;166;43;6;34;18328;3745;340
;C;12969;1361;305;146;91;116;27;11;14;8056;2704;138
;D;11638;1460;260;177;109;86;27;8;24;7957;1380;150
13/10/2023;Total;24607;2821;565;323;200;202;54;19;38;16013;4084;288
;C;10685;855;187;88;77;75;13;4;19;6851;2375;141
;D;10229;915;184;105;62;59;28;4;9;7411;1312;140
14/10/2023;Total;20914;1770;371;193;139;134;41;8;28;14262;3687;281
;C;9950;493;66;49;21;49;6;0;11;7260;1873;122
;D;8733;528;95;34;26;51;8;0;12;7018;866;95
15/10/2023;Total;18683;1021;161;83;47;100;14;0;23;14278;2739;217
;C;12510;1384;289;128;98;106;24;3;13;7704;2640;121
;D;11173;1466;256;148;115;78;26;2;13;7711;1238;120
16/10/2023;Total;23683;2850;545;276;213;184;50;5;26;15415;3878;241
;C;13941;1644;365;146;115;130;25;3;19;8265;3072;157
;D;12541;1719;363;195;114;122;23;7;18;8295;1513;172
17/10/2023;Total;26482;3363;728;341;229;252;48;10;37;16560;4585;329
;C;7948;972;271;114;80;93;18;0;13;4385;1915;87
;D;6758;998;205;94;69;51;18;1;5;4521;705;91
18/10/2023;Total;14706;1970;476;208;149;144;36;1;18;8906;2620;178
;C;14186;1635;412;166;110;170;41;4;17;8435;3032;164
;D;13232;1834;425;199;131;108;38;2;33;8754;1534;174
19/10/2023;Total;27418;3469;837;365;241;278;79;6;50;17189;4566;338
;C;13848;1519;384;153;98;151;31;1;23;8536;2790;162
;D;10362;1241;288;171;111;80;23;3;15;7083;1218;129
20/10/2023;Total;24210;2760;672;324;209;231;54;4;38;15619;4008;291
;C;13219;1144;236;102;90;111;15;2;23;8545;2803;148
;D;12504;1192;209;132;87;95;15;1;12;9105;1471;185
21/10/2023;Total;25723;2336;445;234;177;206;30;3;35;17650;4274;333
;C;9538;484;75;35;31;55;3;0;8;6939;1808;100
;D;9760;592;102;58;54;63;1;0;9;7659;1099;123
22/10/2023;Total;19298;1076;177;93;85;118;4;0;17;14598;2907;223
;C;14856;1598;350;153;83;161;25;1;21;9106;3209;149
;D;11021;1383;299;182;101;100;21;2;12;7491;1305;125
23/10/2023;Total;25877;2981;649;335;184;261;46;3;33;16597;4514;274
;C;13963;1581;409;150;122;155;36;3;22;8268;3059;158
;D;12276;1663;385;198;141;160;28;6;17;8095;1416;167
24/10/2023;Total;26239;3244;794;348;263;315;64;9;39;16363;4475;325
;C;11269;1327;330;152;112;143;33;1;15;6478;2550;128
;D;12254;1683;396;194;145;111;30;1;13;8086;1439;156
25/10/2023;Total;23523;3010;726;346;257;254;63;2;28;14564;3989;284
;C;12096;1413;366;184;109;150;24;2;19;7059;2645;125
;D;10599;1451;354;190;120;128;19;4;13;7022;1148;150
26/10/2023;Total;22695;2864;720;374;229;278;43;6;32;14081;3793;275
;C;15523;1695;461;166;132;163;27;5;23;9501;3175;175
;D;14071;1704;403;199;144;125;20;2;12;9721;1558;183
27/10/2023;Total;29594;3399;864;365;276;288;47;7;35;19222;4733;358
;C;13358;1023;314;156;104;149;23;3;27;8435;2982;142
;D;13124;1101;323;155;103;105;22;0;10;9552;1592;161
28/10/2023;Total;26482;2124;637;311;207;254;45;3;37;17987;4574;303
;C;11545;637;121;33;44;68;13;3;8;8288;2209;121
;D;9879;646;136;51;65;69;6;4;4;7687;1110;101
29/10/2023;Total;21424;1283;257;84;109;137;19;7;12;15975;3319;222
;C;14794;1577;352;176;130;118;38;0;20;9016;3215;152
;D;10977;1413;288;164;129;112;20;3;23;7330;1363;132
30/10/2023;Total;25771;2990;640;340;259;230;58;3;43;16346;4578;284
;C;13156;1633;413;164;119;146;25;2;20;7524;2953;157
;D;12674;1813;433;186;165;108;23;1;21;8206;1553;165
31/10/2023;Total;25830;3446;846;350;284;254;48;3;41;15730;4506;322
;C;15003;1671;448;178;132;141;27;1;20;8954;3259;172
;D;13878;1741;413;219;148;123;22;2;17;9429;1612;152
01/11/2023;Total;28881;3412;861;397;280;264;49;3;37;18383;4871;324
;C;12552;809;237;110;77;114;15;2;29;8631;2388;140
;D;11929;852;238;115;91;88;25;5;6;9132;1221;156
02/11/2023;Total;24481;1661;475;225;168;202;40;7;35;17763;3609;296
;C;14723;1540;350;150;103;134;19;2;14;9126;3137;148
;D;12993;1613;320;164;110;108;21;2;10;8963;1515;167
03/11/2023;Total;27716;3153;670;314;213;242;40;4;24;18089;4652;315
;C;12325;966;213;91;89;88;25;2;17;7876;2812;146
;D;11237;974;206;102;103;75;17;1;6;8082;1500;171
04/11/2023;Total;23562;1940;419;193;192;163;42;3;23;15958;4312;317
;C;12946;587;78;43;33;54;13;1;11;9457;2553;116
;D;10884;568;101;64;64;60;11;0;16;8614;1273;113
05/11/2023;Total;23830;1155;179;107;97;114;24;1;27;18071;3826;229
;C;15170;1661;375;146;95;138;28;1;25;9227;3313;161
;D;13106;1735;373;171;137;94;18;0;15;8812;1596;155
06/11/2023;Total;28276;3396;748;317;232;232;46;1;40;18039;4909;316
;C;14056;1650;404;171;106;124;34;1;36;8257;3144;129
;D;13025;1790;414;179;123;121;24;4;9;8643;1577;141
07/11/2023;Total;27081;3440;818;350;229;245;58;5;45;16900;4721;270
;C;14613;1727;443;175;114;126;39;0;24;8681;3123;161
;D;12835;1737;379;186;114;93;35;2;18;8618;1482;171
08/11/2023;Total;27448;3464;822;361;228;219;74;2;42;17299;4605;332
;C;14745;1721;419;166;119;144;58;2;30;8751;3164;171
;D;11726;1582;393;169;116;96;50;2;18;7806;1336;158
09/11/2023;Total;26471;3303;812;335;235;240;108;4;48;16557;4500;329
;C;15509;1641;395;183;151;133;30;1;34;9474;3283;184
;D;12437;1606;337;168;122;97;31;3;17;8508;1384;164
10/11/2023;Total;27946;3247;732;351;273;230;61;4;51;17982;4667;348
;C;13345;1032;274;96;84;101;12;4;33;8606;2932;171
;D;12477;1014;280;108;87;91;24;4;8;9187;1485;189
11/11/2023;Total;25822;2046;554;204;171;192;36;8;41;17793;4417;360
;C;12092;643;102;47;41;65;11;2;14;8643;2429;95
;D;10466;635;99;59;65;77;11;1;6;8177;1248;88
12/11/2023;Total;22558;1278;201;106;106;142;22;3;20;16820;3677;183
;C;13249;1402;353;158;83;134;25;1;20;8051;2877;145
;D;11736;1535;364;165;119;98;17;0;12;7829;1458;139
13/11/2023;Total;24985;2937;717;323;202;232;42;1;32;15880;4335;284
;C;14468;1671;402;173;112;132;30;3;19;8571;3196;159
;D;13489;1831;423;193;110;124;29;6;15;8925;1656;177
14/11/2023;Total;27957;3502;825;366;222;256;59;9;34;17496;4852;336
;C;11605;857;311;106;87;89;12;5;26;7487;2488;137
;D;10439;901;273;121;75;97;19;8;14;7563;1242;126
15/11/2023;Total;22044;1758;584;227;162;186;31;13;40;15050;3730;263
;C;13612;1583;383;160;93;111;20;2;25;8016;3047;172
;D;11076;1505;382;195;109;94;25;3;13;7256;1336;158
16/11/2023;Total;24688;3088;765;355;202;205;45;5;38;15272;4383;330
;C;15445;1682;430;185;134;111;39;1;24;9452;3218;169
;D;14017;1734;390;167;115;100;30;3;10;9638;1653;177
17/11/2023;Total;29462;3416;820;352;249;211;69;4;34;19090;4871;346
;C;13423;1126;220;124;86;129;21;1;29;8453;3060;174
;D;13253;1166;230;136;112;107;21;2;10;9579;1669;221
18/11/2023;Total;26676;2292;450;260;198;236;42;3;39;18032;4729;395
;C;11516;582;109;43;55;50;9;1;20;8162;2350;135
;D;10305;584;132;63;49;62;7;1;9;8095;1185;118
19/11/2023;Total;21821;1166;241;106;104;112;16;2;29;16257;3535;253
;C;14744;1224;382;135;135;131;32;2;21;9522;3010;150
;D;11795;1260;378;179;140;114;24;1;13;8190;1355;141
20/11/2023;Total;26539;2484;760;314;275;245;56;3;34;17712;4365;291
;C;14839;1672;427;134;111;142;41;1;16;9003;3118;174
;D;13238;1811;418;182;144;132;32;3;13;8800;1543;160
21/11/2023;Total;28077;3483;845;316;255;274;73;4;29;17803;4661;334
;C;13879;1609;424;185;127;162;48;1;24;8041;3092;166
;D;12560;1768;419;208;122;125;41;3;7;8144;1567;156
22/11/2023;Total;26439;3377;843;393;249;287;89;4;31;16185;4659;322
;C;12090;1420;331;162;101;119;39;4;16;6947;2791;160
;D;13219;1819;429;169;116;116;39;6;14;8778;1551;182
23/11/2023;Total;25309;3239;760;331;217;235;78;10;30;15725;4342;342
;C;11731;1322;346;133;116;110;34;5;28;6951;2539;147
;D;11091;1493;316;161;108;80;45;12;9;7315;1384;168
24/11/2023;Total;22822;2815;662;294;224;190;79;17;37;14266;3923;315
;C;13540;1311;254;97;88;101;23;3;34;8390;3103;136
;D;13160;1606;232;132;80;82;34;3;16;8829;1988;158
25/11/2023;Total;26700;2917;486;229;168;183;57;6;50;17219;5091;294
;C;12174;848;174;53;35;66;17;3;14;8406;2427;131
;D;10336;909;177;59;64;65;22;0;9;7500;1409;122
26/11/2023;Total;22510;1757;351;112;99;131;39;3;23;15906;3836;253
;C;15275;1908;402;127;115;132;43;1;19;9086;3265;177
;D;13474;2131;406;162;124;106;52;1;13;8524;1808;147
27/11/2023;Total;28749;4039;808;289;239;238;95;2;32;17610;5073;324
;C;13924;1797;345;163;103;109;26;1;30;7900;3303;147
;D;12957;2148;417;210;124;111;32;3;12;7812;1955;133
28/11/2023;Total;26881;3945;762;373;227;220;58;4;42;15712;5258;280
;C;14444;1899;451;174;118;158;41;1;40;8127;3298;137
;D;13080;2169;390;195;153;113;32;4;29;7957;1926;112
29/11/2023;Total;27524;4068;841;369;271;271;73;5;69;16084;5224;249
;C;15375;2009;438;182;130;139;36;1;41;8738;3446;215
;D;12231;1998;375;171;102;103;43;4;14;7473;1768;180
30/11/2023;Total;27606;4007;813;353;232;242;79;5;55;16211;5214;395
